{
  "properties": {
    "connectionReferences": {},
    "definition": {
      "$schema": "https://schema.management.azure.com/providers/Microsoft.Logic/schemas/2016-06-01/workflowdefinition.json#",
      "contentVersion": "1.0.0.0",
      "parameters": {
        "$authentication": {
          "defaultValue": {},
          "type": "SecureObject"
        }
      },
      "triggers": {
        "manual": {
          "metadata": {
            "operationMetadataId": "1fadc9e2-150b-4f5c-97cc-01258d8200bc"
          },
          "type": "Request",
          "kind": "PowerAppV2",
          "inputs": {
            "schema": {
              "type": "object",
              "properties": {},
              "required": []
            }
          }
        }
      },
      "actions": {
        "Respond_to_a_PowerApp_or_flow": {
          "runAfter": {
            "Set_variable": [
              "Succeeded"
            ]
          },
          "metadata": {
            "operationMetadataId": "658c00e5-a5fe-4159-9ac5-cb91d9e842b8"
          },
          "type": "Response",
          "kind": "PowerApp",
          "inputs": {
            "statusCode": 200,
            "body": {
              "result": "@variables('Result')"
            },
            "schema": {
              "type": "object",
              "properties": {
                "result": {
                  "title": "Result",
                  "x-ms-dynamically-added": true,
                  "type": "string"
                }
              }
            }
          }
        },
        "Call_Beer_Processsimulator_Simulate_Azure_function": {
          "runAfter": {
            "Set_Result": [
              "Succeeded"
            ]
          },
          "metadata": {
            "operationMetadataId": "14c5841d-253d-4ffa-844f-55aef28c0102"
          },
          "type": "Http",
          "inputs": {
            "method": "GET",
            "uri": "https://beerprocesssimulatorfuncionapp.azurewebsites.net/api/BeerProcesSimulator_Simualte"
          }
        },
        "Set_Result": {
          "runAfter": {},
          "metadata": {
            "operationMetadataId": "864e55ec-24ac-4074-a03f-d1edad0d5169"
          },
          "type": "InitializeVariable",
          "inputs": {
            "variables": [
              {
                "name": "Result",
                "type": "string",
                "value": "KO"
              }
            ]
          }
        },
        "Set_variable": {
          "runAfter": {
            "Call_Beer_Processsimulator_Simulate_Azure_function": [
              "Succeeded"
            ]
          },
          "metadata": {
            "operationMetadataId": "6c273bf7-f295-4f7a-bb2f-41d8f7799ef7"
          },
          "type": "SetVariable",
          "inputs": {
            "name": "Result",
            "value": "OK"
          }
        }
      },
      "outputs": {}
    },
    "templateName": ""
  },
  "schemaVersion": "1.0.0.0"
}