{
  "properties": {
    "connectionReferences": {
      "shared_sql_2": {
        "runtimeSource": "invoker",
        "connection": {
          "connectionReferenceLogicalName": "mpl_sharedsql_99e91"
        },
        "api": {
          "name": "shared_sql"
        }
      }
    },
    "definition": {
      "$schema": "https://schema.management.azure.com/providers/Microsoft.Logic/schemas/2016-06-01/workflowdefinition.json#",
      "contentVersion": "1.0.0.0",
      "parameters": {
        "$connections": {
          "defaultValue": {},
          "type": "Object"
        },
        "$authentication": {
          "defaultValue": {},
          "type": "SecureObject"
        }
      },
      "triggers": {
        "manual": {
          "metadata": {
            "operationMetadataId": "e0ad1e42-d5b6-4395-8f58-25f7846222e4"
          },
          "type": "Request",
          "kind": "PowerApp",
          "inputs": {
            "schema": {
              "type": "object",
              "properties": {
                "SetXk2_Value": {
                  "type": "string",
                  "description": "Enter initial value",
                  "x-ms-powerflows-param-ispartial": false
                },
                "SetRho4_Value": {
                  "type": "string",
                  "description": "Enter initial value",
                  "x-ms-powerflows-param-ispartial": false
                },
                "Setm3_Value": {
                  "type": "string",
                  "description": "Enter initial value",
                  "x-ms-powerflows-param-ispartial": false
                },
                "Setm3a_Value": {
                  "type": "string",
                  "description": "Enter initial value",
                  "x-ms-powerflows-param-ispartial": false
                },
                "Setm3b_Value": {
                  "type": "string",
                  "description": "Enter initial value",
                  "x-ms-powerflows-param-ispartial": false
                },
                "Setm3vap_Value": {
                  "type": "string",
                  "description": "Enter initial value",
                  "x-ms-powerflows-param-ispartial": false
                },
                "Setm4_Value": {
                  "type": "string",
                  "description": "Enter initial value",
                  "x-ms-powerflows-param-ispartial": false
                },
                "SettimeStamp_Value": {
                  "type": "string",
                  "description": "Enter initial value",
                  "x-ms-powerflows-param-ispartial": false
                }
              },
              "required": [
                "SetXk2_Value",
                "SetRho4_Value",
                "Setm3_Value",
                "Setm3a_Value",
                "Setm3b_Value",
                "Setm3vap_Value",
                "Setm4_Value",
                "SettimeStamp_Value"
              ]
            }
          }
        }
      },
      "actions": {
        "_Set_m3": {
          "runAfter": {
            "Set_Rho4": [
              "Succeeded"
            ]
          },
          "metadata": {
            "operationMetadataId": "9ba8676a-d03f-45cb-a843-54cec4bb4ca4"
          },
          "type": "InitializeVariable",
          "inputs": {
            "variables": [
              {
                "name": "m3",
                "type": "string",
                "value": "@{triggerBody()['Setm3_Value']}"
              }
            ]
          }
        },
        "Set_m3a": {
          "runAfter": {
            "_Set_m3": [
              "Succeeded"
            ]
          },
          "metadata": {
            "operationMetadataId": "86cf3b9f-1dc7-48d6-8eff-bf41edd6dcae"
          },
          "type": "InitializeVariable",
          "inputs": {
            "variables": [
              {
                "name": "m3a",
                "type": "string",
                "value": "@{triggerBody()['Setm3a_Value']}"
              }
            ]
          }
        },
        "Set_timeStamp": {
          "runAfter": {
            "Set_m4": [
              "Succeeded"
            ]
          },
          "metadata": {
            "operationMetadataId": "fca183fb-ae46-43e2-b209-30102d9f13e7"
          },
          "type": "InitializeVariable",
          "inputs": {
            "variables": [
              {
                "name": "timeStamp",
                "type": "string",
                "value": "@{triggerBody()['SettimeStamp_Value']}"
              }
            ]
          }
        },
        "Update_SQL_Cooker_Parametes": {
          "runAfter": {
            "Set_timeStamp": [
              "Succeeded"
            ]
          },
          "metadata": {
            "operationMetadataId": "742cce5b-da8d-48c2-b79b-c298cd7007e0"
          },
          "type": "OpenApiConnection",
          "inputs": {
            "host": {
              "connectionName": "shared_sql_2",
              "operationId": "ExecutePassThroughNativeQuery_V2",
              "apiId": "/providers/Microsoft.PowerApps/apis/shared_sql"
            },
            "parameters": {
              "server": "default",
              "database": "default",
              "query/query": "UPDATE [dbo].[MassBalanceSimulated] SET Xk2=@{variables('Xk2')},rho4=@{variables('rho4')},m3 =@{variables('m3')}, m3a=@{variables('m3a')},m3b=@{variables('m3b')},m3vap=@{variables('m3vap')} , m4=@{variables('m4')}Where TimeDate = '@{variables('timeStamp')}'"
            },
            "authentication": {
              "type": "Raw",
              "value": "@json(decodeBase64(triggerOutputs().headers['X-MS-APIM-Tokens']))['$ConnectionKey']"
            }
          }
        },
        "Respond_to_a_PowerApp_or_flow": {
          "runAfter": {
            "Reset_Result": [
              "Succeeded"
            ]
          },
          "metadata": {
            "operationMetadataId": "658c00e5-a5fe-4159-9ac5-cb91d9e842b8"
          },
          "type": "Response",
          "kind": "PowerApp",
          "inputs": {
            "statusCode": 200,
            "body": {
              "result": "@variables('Result')"
            },
            "schema": {
              "type": "object",
              "properties": {
                "result": {
                  "title": "Result",
                  "x-ms-dynamically-added": true,
                  "type": "string"
                }
              }
            }
          }
        },
        "Set_Result": {
          "runAfter": {},
          "metadata": {
            "operationMetadataId": "b1107a4c-c490-4f49-985f-31e81861a8bf"
          },
          "type": "InitializeVariable",
          "inputs": {
            "variables": [
              {
                "name": "Result",
                "type": "string",
                "value": "KO"
              }
            ]
          }
        },
        "Reset_Result": {
          "runAfter": {
            "Update_SQL_Cooker_Parametes": [
              "Succeeded"
            ]
          },
          "metadata": {
            "operationMetadataId": "4846d054-a0ae-4e1c-9a23-736028091e44"
          },
          "type": "SetVariable",
          "inputs": {
            "name": "Result",
            "value": "OK"
          }
        },
        "Set_m3b": {
          "runAfter": {
            "Set_m3a": [
              "Succeeded"
            ]
          },
          "metadata": {
            "operationMetadataId": "eb15305d-5b2e-4cf8-b729-473567ecdcb9"
          },
          "type": "InitializeVariable",
          "inputs": {
            "variables": [
              {
                "name": "m3b",
                "type": "string",
                "value": "@{triggerBody()['Setm3b_Value']}"
              }
            ]
          }
        },
        "Set_m4": {
          "runAfter": {
            "Set_m3vap": [
              "Succeeded"
            ]
          },
          "metadata": {
            "operationMetadataId": "36526c22-4922-4867-bb2b-eeab7c73f0fe"
          },
          "type": "InitializeVariable",
          "inputs": {
            "variables": [
              {
                "name": "m4",
                "type": "string",
                "value": "@{triggerBody()['Setm4_Value']}"
              }
            ]
          }
        },
        "Set_Xk2": {
          "runAfter": {
            "Set_Result": [
              "Succeeded"
            ]
          },
          "metadata": {
            "operationMetadataId": "c58ccf17-8fcc-4c3f-8842-a1bb79e9688a"
          },
          "type": "InitializeVariable",
          "inputs": {
            "variables": [
              {
                "name": "Xk2",
                "type": "string",
                "value": "@{triggerBody()['SetXk2_Value']}"
              }
            ]
          }
        },
        "Set_m3vap": {
          "runAfter": {
            "Set_m3b": [
              "Succeeded"
            ]
          },
          "metadata": {
            "operationMetadataId": "38844963-7d5f-4f45-aa36-c0d890daec91"
          },
          "type": "InitializeVariable",
          "inputs": {
            "variables": [
              {
                "name": "m3vap",
                "type": "string",
                "value": "@{triggerBody()['Setm3vap_Value']}"
              }
            ]
          }
        },
        "Set_Rho4": {
          "runAfter": {
            "Set_Xk2": [
              "Succeeded"
            ]
          },
          "metadata": {
            "operationMetadataId": "c0eb8683-293c-4af5-adc8-0f63fb475763"
          },
          "type": "InitializeVariable",
          "inputs": {
            "variables": [
              {
                "name": "rho4",
                "type": "string",
                "value": "@{triggerBody()['SetRho4_Value']}"
              }
            ]
          }
        }
      },
      "outputs": {}
    },
    "templateName": ""
  },
  "schemaVersion": "1.0.0.0"
}