{
  "properties": {
    "connectionReferences": {
      "shared_sql_2": {
        "runtimeSource": "invoker",
        "connection": {
          "connectionReferenceLogicalName": "mpl_sharedsql_99e91"
        },
        "api": {
          "name": "shared_sql"
        }
      }
    },
    "definition": {
      "$schema": "https://schema.management.azure.com/providers/Microsoft.Logic/schemas/2016-06-01/workflowdefinition.json#",
      "contentVersion": "1.0.0.0",
      "parameters": {
        "$connections": {
          "defaultValue": {},
          "type": "Object"
        },
        "$authentication": {
          "defaultValue": {},
          "type": "SecureObject"
        }
      },
      "triggers": {
        "manual": {
          "metadata": {
            "operationMetadataId": "08587cbd-cd4d-4f48-b2f6-c7836e8e2ed7"
          },
          "type": "Request",
          "kind": "PowerApp",
          "inputs": {
            "schema": {
              "type": "object",
              "properties": {
                "SetXk1_Value": {
                  "type": "string",
                  "description": "Enter initial value",
                  "x-ms-powerflows-param-ispartial": false
                },
                "SetRho3_Value": {
                  "type": "string",
                  "description": "Enter initial value",
                  "x-ms-powerflows-param-ispartial": false
                },
                "Setm2_Value": {
                  "type": "string",
                  "description": "Enter initial value",
                  "x-ms-powerflows-param-ispartial": false
                },
                "Setm2a_Value": {
                  "type": "string",
                  "description": "Enter initial value",
                  "x-ms-powerflows-param-ispartial": false
                },
                "Setm2b_Value": {
                  "type": "string",
                  "description": "Enter initial value",
                  "x-ms-powerflows-param-ispartial": false
                },
                "Setm3_Value": {
                  "type": "string",
                  "description": "Enter initial value",
                  "x-ms-powerflows-param-ispartial": false
                },
                "SettimeStamp_Value": {
                  "type": "string",
                  "description": "Enter initial value",
                  "x-ms-powerflows-param-ispartial": false
                }
              },
              "required": [
                "SetXk1_Value",
                "SetRho3_Value",
                "Setm2_Value",
                "Setm2a_Value",
                "Setm2b_Value",
                "Setm3_Value",
                "SettimeStamp_Value"
              ]
            }
          }
        }
      },
      "actions": {
        "_Set_m2": {
          "runAfter": {
            "Set_Rho3": [
              "Succeeded"
            ]
          },
          "metadata": {
            "operationMetadataId": "9ba8676a-d03f-45cb-a843-54cec4bb4ca4"
          },
          "type": "InitializeVariable",
          "inputs": {
            "variables": [
              {
                "name": "m2",
                "type": "string",
                "value": "@{triggerBody()['Setm2_Value']}"
              }
            ]
          }
        },
        "Set_m2a": {
          "runAfter": {
            "_Set_m2": [
              "Succeeded"
            ]
          },
          "metadata": {
            "operationMetadataId": "86cf3b9f-1dc7-48d6-8eff-bf41edd6dcae"
          },
          "type": "InitializeVariable",
          "inputs": {
            "variables": [
              {
                "name": "m2a",
                "type": "string",
                "value": "@{triggerBody()['Setm2a_Value']}"
              }
            ]
          }
        },
        "Set_timeStamp": {
          "runAfter": {
            "Set_m3": [
              "Succeeded"
            ]
          },
          "metadata": {
            "operationMetadataId": "fca183fb-ae46-43e2-b209-30102d9f13e7"
          },
          "type": "InitializeVariable",
          "inputs": {
            "variables": [
              {
                "name": "timeStamp",
                "type": "string",
                "value": "@{triggerBody()['SettimeStamp_Value']}"
              }
            ]
          }
        },
        "Update_SQL_Mill_Parametes": {
          "runAfter": {
            "Set_timeStamp": [
              "Succeeded"
            ]
          },
          "metadata": {
            "operationMetadataId": "742cce5b-da8d-48c2-b79b-c298cd7007e0"
          },
          "type": "OpenApiConnection",
          "inputs": {
            "host": {
              "connectionName": "shared_sql_2",
              "operationId": "ExecutePassThroughNativeQuery_V2",
              "apiId": "/providers/Microsoft.PowerApps/apis/shared_sql"
            },
            "parameters": {
              "server": "default",
              "database": "default",
              "query/query": "UPDATE [dbo].[MassBalanceSimulated] SET Xk1=@{variables('Xk1')},rho3=@{variables('rho3')},m2 =@{variables('m2')}, m2a=@{variables('m2a')},m2b=@{variables('m2b')},m3=@{variables('m3')} Where TimeDate = '@{variables('timeStamp')}'"
            },
            "authentication": {
              "type": "Raw",
              "value": "@json(decodeBase64(triggerOutputs().headers['X-MS-APIM-Tokens']))['$ConnectionKey']"
            }
          }
        },
        "Respond_to_a_PowerApp_or_flow": {
          "runAfter": {
            "Reset_Result": [
              "Succeeded"
            ]
          },
          "metadata": {
            "operationMetadataId": "658c00e5-a5fe-4159-9ac5-cb91d9e842b8"
          },
          "type": "Response",
          "kind": "PowerApp",
          "inputs": {
            "statusCode": 200,
            "body": {
              "result": "@variables('Result')"
            },
            "schema": {
              "type": "object",
              "properties": {
                "result": {
                  "title": "Result",
                  "x-ms-dynamically-added": true,
                  "type": "string"
                }
              }
            }
          }
        },
        "Set_Result": {
          "runAfter": {},
          "metadata": {
            "operationMetadataId": "b1107a4c-c490-4f49-985f-31e81861a8bf"
          },
          "type": "InitializeVariable",
          "inputs": {
            "variables": [
              {
                "name": "Result",
                "type": "string",
                "value": "KO"
              }
            ]
          }
        },
        "Reset_Result": {
          "runAfter": {
            "Update_SQL_Mill_Parametes": [
              "Succeeded"
            ]
          },
          "metadata": {
            "operationMetadataId": "4846d054-a0ae-4e1c-9a23-736028091e44"
          },
          "type": "SetVariable",
          "inputs": {
            "name": "Result",
            "value": "OK"
          }
        },
        "Set_m2b": {
          "runAfter": {
            "Set_m2a": [
              "Succeeded"
            ]
          },
          "metadata": {
            "operationMetadataId": "eb15305d-5b2e-4cf8-b729-473567ecdcb9"
          },
          "type": "InitializeVariable",
          "inputs": {
            "variables": [
              {
                "name": "m2b",
                "type": "string",
                "value": "@{triggerBody()['Setm2b_Value']}"
              }
            ]
          }
        },
        "Set_m3": {
          "runAfter": {
            "Set_m2b": [
              "Succeeded"
            ]
          },
          "metadata": {
            "operationMetadataId": "36526c22-4922-4867-bb2b-eeab7c73f0fe"
          },
          "type": "InitializeVariable",
          "inputs": {
            "variables": [
              {
                "name": "m3",
                "type": "string",
                "value": "@{triggerBody()['Setm3_Value']}"
              }
            ]
          }
        },
        "Set_Xk1": {
          "runAfter": {
            "Set_Result": [
              "Succeeded"
            ]
          },
          "metadata": {
            "operationMetadataId": "c58ccf17-8fcc-4c3f-8842-a1bb79e9688a"
          },
          "type": "InitializeVariable",
          "inputs": {
            "variables": [
              {
                "name": "Xk1",
                "type": "string",
                "value": "@{triggerBody()['SetXk1_Value']}"
              }
            ]
          }
        },
        "Set_Rho3": {
          "runAfter": {
            "Set_Xk1": [
              "Succeeded"
            ]
          },
          "metadata": {
            "operationMetadataId": "a8816980-f08d-42a1-b5d4-663b4ce52497"
          },
          "type": "InitializeVariable",
          "inputs": {
            "variables": [
              {
                "name": "rho3",
                "type": "string",
                "value": "@{triggerBody()['SetRho3_Value']}"
              }
            ]
          }
        }
      },
      "outputs": {}
    },
    "templateName": ""
  },
  "schemaVersion": "1.0.0.0"
}