<ImportExportXml xmlns:xsi="http://www.w3.org/2001/XMLSchema-instance">
  <Entities></Entities>
  <Roles></Roles>
  <Workflows>
    <Workflow WorkflowId="{4ae43cfa-195e-ee11-be6f-000d3a292a69}" Name="BeerProcessSimulator_MillUpdate">
      <JsonFileName>/Workflows/BeerProcessSimulator_MillUpdate-4AE43CFA-195E-EE11-BE6F-000D3A292A69.json</JsonFileName>
      <Type>1</Type>
      <Subprocess>0</Subprocess>
      <Category>5</Category>
      <Mode>0</Mode>
      <Scope>4</Scope>
      <OnDemand>0</OnDemand>
      <TriggerOnCreate>0</TriggerOnCreate>
      <TriggerOnDelete>0</TriggerOnDelete>
      <AsyncAutodelete>0</AsyncAutodelete>
      <SyncWorkflowLogOnFailure>0</SyncWorkflowLogOnFailure>
      <StateCode>1</StateCode>
      <StatusCode>2</StatusCode>
      <RunAs>1</RunAs>
      <IsTransacted>1</IsTransacted>
      <IntroducedVersion>1.0.0.0</IntroducedVersion>
      <IsCustomizable>1</IsCustomizable>
      <BusinessProcessType>0</BusinessProcessType>
      <IsCustomProcessingStepAllowedForOtherPublishers>1</IsCustomProcessingStepAllowedForOtherPublishers>
      <PrimaryEntity>none</PrimaryEntity>
      <LocalizedNames>
        <LocalizedName languagecode="3082" description="BeerProcessSimulator_MillUpdate" />
      </LocalizedNames>
    </Workflow>
    <Workflow WorkflowId="{1965fd70-275e-ee11-be6f-000d3a292a69}" Name="BeerProcessSimulator_ExtractionFilterUpdate">
      <JsonFileName>/Workflows/BeerProcessSimulator_ExtractionFilterUpdate-1965FD70-275E-EE11-BE6F-000D3A292A69.json</JsonFileName>
      <Type>1</Type>
      <Subprocess>0</Subprocess>
      <Category>5</Category>
      <Mode>0</Mode>
      <Scope>4</Scope>
      <OnDemand>0</OnDemand>
      <TriggerOnCreate>0</TriggerOnCreate>
      <TriggerOnDelete>0</TriggerOnDelete>
      <AsyncAutodelete>0</AsyncAutodelete>
      <SyncWorkflowLogOnFailure>0</SyncWorkflowLogOnFailure>
      <StateCode>1</StateCode>
      <StatusCode>2</StatusCode>
      <RunAs>1</RunAs>
      <IsTransacted>1</IsTransacted>
      <IntroducedVersion>1.0.0.0</IntroducedVersion>
      <IsCustomizable>1</IsCustomizable>
      <BusinessProcessType>0</BusinessProcessType>
      <IsCustomProcessingStepAllowedForOtherPublishers>1</IsCustomProcessingStepAllowedForOtherPublishers>
      <PrimaryEntity>none</PrimaryEntity>
      <LocalizedNames>
        <LocalizedName languagecode="3082" description="BeerProcessSimulator_ExtractionFilterUpdate" />
      </LocalizedNames>
    </Workflow>
    <Workflow WorkflowId="{2b37df91-3f5e-ee11-be6f-000d3a292a69}" Name="BeerProcessSimulator_CoolerUpdate">
      <JsonFileName>/Workflows/BeerProcessSimulator_CoolerUpdate-2B37DF91-3F5E-EE11-BE6F-000D3A292A69.json</JsonFileName>
      <Type>1</Type>
      <Subprocess>0</Subprocess>
      <Category>5</Category>
      <Mode>0</Mode>
      <Scope>4</Scope>
      <OnDemand>0</OnDemand>
      <TriggerOnCreate>0</TriggerOnCreate>
      <TriggerOnDelete>0</TriggerOnDelete>
      <AsyncAutodelete>0</AsyncAutodelete>
      <SyncWorkflowLogOnFailure>0</SyncWorkflowLogOnFailure>
      <StateCode>1</StateCode>
      <StatusCode>2</StatusCode>
      <RunAs>1</RunAs>
      <IsTransacted>1</IsTransacted>
      <IntroducedVersion>1.0.0.0</IntroducedVersion>
      <IsCustomizable>1</IsCustomizable>
      <BusinessProcessType>0</BusinessProcessType>
      <IsCustomProcessingStepAllowedForOtherPublishers>1</IsCustomProcessingStepAllowedForOtherPublishers>
      <PrimaryEntity>none</PrimaryEntity>
      <LocalizedNames>
        <LocalizedName languagecode="3082" description="BeerProcessSimulator_CoolerUpdate" />
      </LocalizedNames>
    </Workflow>
    <Workflow WorkflowId="{44cb04ed-3a5e-ee11-be6f-000d3a292a69}" Name="BeerProcessSimulator_FermentatorUpdate">
      <JsonFileName>/Workflows/BeerProcessSimulator_FermentatorUpdate-44CB04ED-3A5E-EE11-BE6F-000D3A292A69.json</JsonFileName>
      <Type>1</Type>
      <Subprocess>0</Subprocess>
      <Category>5</Category>
      <Mode>0</Mode>
      <Scope>4</Scope>
      <OnDemand>0</OnDemand>
      <TriggerOnCreate>0</TriggerOnCreate>
      <TriggerOnDelete>0</TriggerOnDelete>
      <AsyncAutodelete>0</AsyncAutodelete>
      <SyncWorkflowLogOnFailure>0</SyncWorkflowLogOnFailure>
      <StateCode>1</StateCode>
      <StatusCode>2</StatusCode>
      <RunAs>1</RunAs>
      <IsTransacted>1</IsTransacted>
      <IntroducedVersion>1.0.0.0</IntroducedVersion>
      <IsCustomizable>1</IsCustomizable>
      <BusinessProcessType>0</BusinessProcessType>
      <IsCustomProcessingStepAllowedForOtherPublishers>1</IsCustomProcessingStepAllowedForOtherPublishers>
      <PrimaryEntity>none</PrimaryEntity>
      <LocalizedNames>
        <LocalizedName languagecode="3082" description="BeerProcessSimulator_FermentatorUpdate" />
      </LocalizedNames>
    </Workflow>
    <Workflow WorkflowId="{5edd0f9c-b15e-ee11-be6f-000d3a292a69}" Name="BeerProcessSimulator_CookingUpdate">
      <JsonFileName>/Workflows/BeerProcessSimulator_CookingUpdate-5EDD0F9C-B15E-EE11-BE6F-000D3A292A69.json</JsonFileName>
      <Type>1</Type>
      <Subprocess>0</Subprocess>
      <Category>5</Category>
      <Mode>0</Mode>
      <Scope>4</Scope>
      <OnDemand>0</OnDemand>
      <TriggerOnCreate>0</TriggerOnCreate>
      <TriggerOnDelete>0</TriggerOnDelete>
      <AsyncAutodelete>0</AsyncAutodelete>
      <SyncWorkflowLogOnFailure>0</SyncWorkflowLogOnFailure>
      <StateCode>1</StateCode>
      <StatusCode>2</StatusCode>
      <RunAs>1</RunAs>
      <IsTransacted>1</IsTransacted>
      <IntroducedVersion>1.0.0.0</IntroducedVersion>
      <IsCustomizable>1</IsCustomizable>
      <BusinessProcessType>0</BusinessProcessType>
      <IsCustomProcessingStepAllowedForOtherPublishers>1</IsCustomProcessingStepAllowedForOtherPublishers>
      <PrimaryEntity>none</PrimaryEntity>
      <LocalizedNames>
        <LocalizedName languagecode="3082" description="BeerProcessSimulator_CookingUpdate" />
      </LocalizedNames>
    </Workflow>
    <Workflow WorkflowId="{7a477365-b65e-ee11-be6f-000d3a292a69}" Name="BeerProcessSimulator_MaturingBottling">
      <JsonFileName>/Workflows/BeerProcessSimulator_MaturingBottling-7A477365-B65E-EE11-BE6F-000D3A292A69.json</JsonFileName>
      <Type>1</Type>
      <Subprocess>0</Subprocess>
      <Category>5</Category>
      <Mode>0</Mode>
      <Scope>4</Scope>
      <OnDemand>0</OnDemand>
      <TriggerOnCreate>0</TriggerOnCreate>
      <TriggerOnDelete>0</TriggerOnDelete>
      <AsyncAutodelete>0</AsyncAutodelete>
      <SyncWorkflowLogOnFailure>0</SyncWorkflowLogOnFailure>
      <StateCode>1</StateCode>
      <StatusCode>2</StatusCode>
      <RunAs>1</RunAs>
      <IsTransacted>1</IsTransacted>
      <IntroducedVersion>1.0.0.0</IntroducedVersion>
      <IsCustomizable>1</IsCustomizable>
      <BusinessProcessType>0</BusinessProcessType>
      <IsCustomProcessingStepAllowedForOtherPublishers>1</IsCustomProcessingStepAllowedForOtherPublishers>
      <PrimaryEntity>none</PrimaryEntity>
      <LocalizedNames>
        <LocalizedName languagecode="3082" description="BeerProcessSimulator_MaturingBottling" />
      </LocalizedNames>
    </Workflow>
    <Workflow WorkflowId="{b33f1187-156d-ee11-9ae7-000d3a292a69}" Name="BeerProcessSimulator_Simulation">
      <JsonFileName>/Workflows/BeerProcessSimulator_Simulation-B33F1187-156D-EE11-9AE7-000D3A292A69.json</JsonFileName>
      <Type>1</Type>
      <Subprocess>0</Subprocess>
      <Category>5</Category>
      <Mode>0</Mode>
      <Scope>4</Scope>
      <OnDemand>0</OnDemand>
      <TriggerOnCreate>0</TriggerOnCreate>
      <TriggerOnDelete>0</TriggerOnDelete>
      <AsyncAutodelete>0</AsyncAutodelete>
      <SyncWorkflowLogOnFailure>0</SyncWorkflowLogOnFailure>
      <StateCode>1</StateCode>
      <StatusCode>2</StatusCode>
      <RunAs>1</RunAs>
      <IsTransacted>1</IsTransacted>
      <IntroducedVersion>1.0</IntroducedVersion>
      <IsCustomizable>1</IsCustomizable>
      <BusinessProcessType>0</BusinessProcessType>
      <IsCustomProcessingStepAllowedForOtherPublishers>1</IsCustomProcessingStepAllowedForOtherPublishers>
      <PrimaryEntity>none</PrimaryEntity>
      <LocalizedNames>
        <LocalizedName languagecode="3082" description="BeerProcessSimulator_Simulation" />
      </LocalizedNames>
    </Workflow>
    <Workflow WorkflowId="{c4bfd356-a76d-ee11-9ae7-000d3a292a69}" Name="BeerProcessSimulator_onStart">
      <JsonFileName>/Workflows/BeerProcessSimulator_onStart-C4BFD356-A76D-EE11-9AE7-000D3A292A69.json</JsonFileName>
      <Type>1</Type>
      <Subprocess>0</Subprocess>
      <Category>5</Category>
      <Mode>0</Mode>
      <Scope>4</Scope>
      <OnDemand>0</OnDemand>
      <TriggerOnCreate>0</TriggerOnCreate>
      <TriggerOnDelete>0</TriggerOnDelete>
      <AsyncAutodelete>0</AsyncAutodelete>
      <SyncWorkflowLogOnFailure>0</SyncWorkflowLogOnFailure>
      <StateCode>1</StateCode>
      <StatusCode>2</StatusCode>
      <RunAs>1</RunAs>
      <IsTransacted>1</IsTransacted>
      <IntroducedVersion>1.0</IntroducedVersion>
      <IsCustomizable>1</IsCustomizable>
      <BusinessProcessType>0</BusinessProcessType>
      <IsCustomProcessingStepAllowedForOtherPublishers>1</IsCustomProcessingStepAllowedForOtherPublishers>
      <PrimaryEntity>none</PrimaryEntity>
      <LocalizedNames>
        <LocalizedName languagecode="3082" description="BeerProcessSimulator_onStart" />
      </LocalizedNames>
    </Workflow>
    <Workflow WorkflowId="{bffa51a1-a76d-ee11-9ae7-000d3a292a69}" Name="BeerProcessSimulator_SaveConfig">
      <JsonFileName>/Workflows/BeerProcessSimulator_SaveConfig-BFFA51A1-A76D-EE11-9AE7-000D3A292A69.json</JsonFileName>
      <Type>1</Type>
      <Subprocess>0</Subprocess>
      <Category>5</Category>
      <Mode>0</Mode>
      <Scope>4</Scope>
      <OnDemand>0</OnDemand>
      <TriggerOnCreate>0</TriggerOnCreate>
      <TriggerOnDelete>0</TriggerOnDelete>
      <AsyncAutodelete>0</AsyncAutodelete>
      <SyncWorkflowLogOnFailure>0</SyncWorkflowLogOnFailure>
      <StateCode>1</StateCode>
      <StatusCode>2</StatusCode>
      <RunAs>1</RunAs>
      <IsTransacted>1</IsTransacted>
      <IntroducedVersion>1.0</IntroducedVersion>
      <IsCustomizable>1</IsCustomizable>
      <BusinessProcessType>0</BusinessProcessType>
      <IsCustomProcessingStepAllowedForOtherPublishers>1</IsCustomProcessingStepAllowedForOtherPublishers>
      <PrimaryEntity>none</PrimaryEntity>
      <LocalizedNames>
        <LocalizedName languagecode="3082" description="BeerProcessSimulator_SaveConfig" />
      </LocalizedNames>
    </Workflow>
  </Workflows>
  <FieldSecurityProfiles></FieldSecurityProfiles>
  <Templates />
  <EntityMaps />
  <EntityRelationships />
  <OrganizationSettings />
  <optionsets />
  <CustomControls />
  <EntityDataProviders />
  <CanvasApps>
    <CanvasApp>
      <Name>mpl_beerprocesssimulatorapp_f6bbf</Name>
      <AppVersion>2023-10-18T11:37:06Z</AppVersion>
      <Status>Ready</Status>
      <CreatedByClientVersion>3.23101.23.0</CreatedByClientVersion>
      <MinClientVersion>3.23101.23.0</MinClientVersion>
      <Tags>{"primaryDeviceWidth":"1229","primaryDeviceHeight":"768","supportsPortrait":"true","supportsLandscape":"true","primaryFormFactor":"Tablet","showStatusBar":"false","publisherVersion":"3.23101.23","minimumRequiredApiVersion":"2.2.0","hasComponent":"false","hasUnlockedComponent":"false","isUnifiedRootApp":"false","sienaVersion":"20231018T103003Z-3.23101.23.0"}</Tags>
      <IsCdsUpgraded>0</IsCdsUpgraded>
      <GalleryItemId xsi:nil="true"></GalleryItemId>
      <BackgroundColor>rgba(255, 255, 255, 1)</BackgroundColor>
      <DisplayName>BeerProcessSimulatorApp</DisplayName>
      <Description xsi:nil="true"></Description>
      <CommitMessage xsi:nil="true"></CommitMessage>
      <Publisher xsi:nil="true"></Publisher>
      <AuthorizationReferences>[]</AuthorizationReferences>
      <ConnectionReferences>{"b91eac9d-b2ab-43b8-ac94-61a82df77b09":{"id":"/providers/microsoft.powerapps/apis/shared_sql","displayName":"SQL Server","iconUri":"https://connectoricons-prod.azureedge.net/releases/v1.0.1654/1.0.1654.3416/sql/icon.png","dataSources":["MassBalance_1","MassBalanceSimulated"],"dependencies":[],"dependents":[],"parameterHints":{},"parameterHintsV2":{},"isOnPremiseConnection":false,"bypassConsent":false,"dataSets":{"beerprocesssimulatorsql.database.windows.net,BeerProcessSimulatorSQL":{"dataSources":{"MassBalance_1":{"tableName":"[dbo].[MassBalance]"},"MassBalanceSimulated":{"tableName":"[dbo].[MassBalanceSimulated]"}}}},"apiTier":"Premium","actions":["providers/PowerPlatform.Governance/Operations/Read"],"endpoints":["beerprocesssimulatorsql.database.windows.net,BeerProcessSimulatorSQL"],"authenticationType":"oauth"},"c8182779-c27f-4ee7-9610-00704f909735":{"id":"/providers/microsoft.powerapps/apis/shared_logicflows","displayName":"Flujos lógicos","iconUri":"https://connectoricons-prod.azureedge.net/releases/v1.0.1664/1.0.1664.3477/logicflows/icon.png","dataSources":["BeerProcessSimulator_MillUpdate"],"dependencies":["62ba074a-d71d-440e-ba68-a8788c3b2c84"],"dependents":[],"parameterHints":{"workflowName":{"value":"2f976e24-7b87-423b-80a0-622144d95a91"},"workflowEntityId":{"value":"4ae43cfa-195e-ee11-be6f-000d3a292a69"},"62ba074a-d71d-440e-ba68-a8788c3b2c84":{"value":"shared_sql_2"}},"parameterHintsV2":{"workflowName":{"value":"2f976e24-7b87-423b-80a0-622144d95a91"},"workflowEntityId":{"value":"4ae43cfa-195e-ee11-be6f-000d3a292a69"},"shared_sql_2":{"value":"62ba074a-d71d-440e-ba68-a8788c3b2c84"}},"isOnPremiseConnection":false,"bypassConsent":false,"dataSets":{},"apiTier":"Standard","actions":["Run"]},"62ba074a-d71d-440e-ba68-a8788c3b2c84":{"id":"/providers/microsoft.powerapps/apis/shared_sql","xrmConnectionReferenceLogicalName":"mpl_sharedsql_99e91","displayName":"SQL Server","executionRestrictions":{"version":1,"modifiedOn":"2023-10-18 11:37:02","appVer":"3.23101.23","apiId":"unknown","policy":"{\"type\":\"unused\"}"},"iconUri":"https://connectoricons-prod.azureedge.net/releases/v1.0.1654/1.0.1654.3416/sql/icon.png","dataSources":[],"dependencies":[],"dependents":["c8182779-c27f-4ee7-9610-00704f909735","acc7d8b4-49ef-4368-ba17-ed6591533e93","0df99dd9-fde4-4949-857a-64b1052a491d","b15d754d-3b69-49b6-acd9-c9b38eb5446c","82bbc38a-2df4-4eed-8580-21bb170a07b4","1f5fa755-e21a-4491-aa65-f7eef3dcbc61"],"parameterHints":{},"parameterHintsV2":{},"isOnPremiseConnection":false,"sharedConnectionId":"95d5bd7d-2fd5-46ad-9e3b-e8b2e1b5f3e7","bypassConsent":false,"dataSets":{},"apiTier":"Premium","endpoints":["beerprocesssimulatorsql.database.windows.net,BeerProcessSimulatorSQL"],"authenticationType":"sqlAuthentication"},"acc7d8b4-49ef-4368-ba17-ed6591533e93":{"id":"/providers/microsoft.powerapps/apis/shared_logicflows","displayName":"Flujos lógicos","iconUri":"https://connectoricons-prod.azureedge.net/releases/v1.0.1664/1.0.1664.3477/logicflows/icon.png","dataSources":["BeerProcessSimulator_ExtractionFilterUpdate"],"dependencies":["62ba074a-d71d-440e-ba68-a8788c3b2c84"],"dependents":[],"parameterHints":{"workflowName":{"value":"11cbe102-dc38-48ab-bc5b-b330e7ec2460"},"workflowEntityId":{"value":"1965fd70-275e-ee11-be6f-000d3a292a69"},"62ba074a-d71d-440e-ba68-a8788c3b2c84":{"value":"shared_sql_2"}},"parameterHintsV2":{"workflowName":{"value":"11cbe102-dc38-48ab-bc5b-b330e7ec2460"},"workflowEntityId":{"value":"1965fd70-275e-ee11-be6f-000d3a292a69"},"shared_sql_2":{"value":"62ba074a-d71d-440e-ba68-a8788c3b2c84"}},"isOnPremiseConnection":false,"bypassConsent":false,"dataSets":{},"apiTier":"Standard","actions":["Run"]},"0df99dd9-fde4-4949-857a-64b1052a491d":{"id":"/providers/microsoft.powerapps/apis/shared_logicflows","displayName":"Flujos lógicos","iconUri":"https://connectoricons-prod.azureedge.net/releases/v1.0.1664/1.0.1664.3477/logicflows/icon.png","dataSources":["BeerProcessSimulator_FermentatorUpdate_1"],"dependencies":["62ba074a-d71d-440e-ba68-a8788c3b2c84"],"dependents":[],"parameterHints":{"workflowName":{"value":"d420eed8-3875-4346-b080-9c4c87c533d7"},"workflowEntityId":{"value":"44cb04ed-3a5e-ee11-be6f-000d3a292a69"},"62ba074a-d71d-440e-ba68-a8788c3b2c84":{"value":"shared_sql_2"}},"parameterHintsV2":{"workflowName":{"value":"d420eed8-3875-4346-b080-9c4c87c533d7"},"workflowEntityId":{"value":"44cb04ed-3a5e-ee11-be6f-000d3a292a69"},"shared_sql_2":{"value":"62ba074a-d71d-440e-ba68-a8788c3b2c84"}},"isOnPremiseConnection":false,"bypassConsent":false,"dataSets":{},"apiTier":"Standard"},"b15d754d-3b69-49b6-acd9-c9b38eb5446c":{"id":"/providers/microsoft.powerapps/apis/shared_logicflows","displayName":"Flujos lógicos","iconUri":"https://connectoricons-prod.azureedge.net/releases/v1.0.1664/1.0.1664.3477/logicflows/icon.png","dataSources":["BeerProcessSimulator_CoolerUpdate"],"dependencies":["62ba074a-d71d-440e-ba68-a8788c3b2c84"],"dependents":[],"parameterHints":{"workflowName":{"value":"38234820-4793-4fa6-a186-d19e6186718f"},"workflowEntityId":{"value":"2b37df91-3f5e-ee11-be6f-000d3a292a69"},"62ba074a-d71d-440e-ba68-a8788c3b2c84":{"value":"shared_sql_2"}},"parameterHintsV2":{"workflowName":{"value":"38234820-4793-4fa6-a186-d19e6186718f"},"workflowEntityId":{"value":"2b37df91-3f5e-ee11-be6f-000d3a292a69"},"shared_sql_2":{"value":"62ba074a-d71d-440e-ba68-a8788c3b2c84"}},"isOnPremiseConnection":false,"bypassConsent":false,"dataSets":{},"apiTier":"Standard","actions":["Run"]},"82bbc38a-2df4-4eed-8580-21bb170a07b4":{"id":"/providers/microsoft.powerapps/apis/shared_logicflows","displayName":"Flujos lógicos","iconUri":"https://connectoricons-prod.azureedge.net/releases/v1.0.1664/1.0.1664.3477/logicflows/icon.png","dataSources":["BeerProcessSimulator_CookingUpdate"],"dependencies":["62ba074a-d71d-440e-ba68-a8788c3b2c84"],"dependents":[],"parameterHints":{"workflowName":{"value":"d68555de-f822-4464-998c-dc7d08e32d92"},"workflowEntityId":{"value":"5edd0f9c-b15e-ee11-be6f-000d3a292a69"},"62ba074a-d71d-440e-ba68-a8788c3b2c84":{"value":"shared_sql_2"}},"parameterHintsV2":{"workflowName":{"value":"d68555de-f822-4464-998c-dc7d08e32d92"},"workflowEntityId":{"value":"5edd0f9c-b15e-ee11-be6f-000d3a292a69"},"shared_sql_2":{"value":"62ba074a-d71d-440e-ba68-a8788c3b2c84"}},"isOnPremiseConnection":false,"bypassConsent":false,"dataSets":{},"apiTier":"Standard","actions":["Run"]},"1f5fa755-e21a-4491-aa65-f7eef3dcbc61":{"id":"/providers/microsoft.powerapps/apis/shared_logicflows","displayName":"Flujos lógicos","iconUri":"https://connectoricons-prod.azureedge.net/releases/v1.0.1664/1.0.1664.3477/logicflows/icon.png","dataSources":["BeerProcessSimulator_MaturingBottling"],"dependencies":["62ba074a-d71d-440e-ba68-a8788c3b2c84"],"dependents":[],"parameterHints":{"workflowName":{"value":"d90f1f5a-193f-48b4-b373-05ce315b7b85"},"workflowEntityId":{"value":"7a477365-b65e-ee11-be6f-000d3a292a69"},"62ba074a-d71d-440e-ba68-a8788c3b2c84":{"value":"shared_sql_2"}},"parameterHintsV2":{"workflowName":{"value":"d90f1f5a-193f-48b4-b373-05ce315b7b85"},"workflowEntityId":{"value":"7a477365-b65e-ee11-be6f-000d3a292a69"},"shared_sql_2":{"value":"62ba074a-d71d-440e-ba68-a8788c3b2c84"}},"isOnPremiseConnection":false,"bypassConsent":false,"dataSets":{},"apiTier":"Standard","actions":["Run"]},"2d8dcaa5-d57d-4d34-aa0c-d3647a6b4da1":{"id":"/providers/microsoft.powerapps/apis/shared_logicflows","displayName":"Flujos lógicos","iconUri":"https://connectoricons-prod.azureedge.net/releases/v1.0.1664/1.0.1664.3477/logicflows/icon.png","dataSources":["Travel_Request_Comunication_Email"],"dependencies":["7dd99afc-5c67-4a0d-bdaf-658ba7810412"],"dependents":[],"parameterHints":{"workflowName":{"value":"900f02d9-2ca0-4c55-9643-8181ffedccb3"},"workflowEntityId":{"value":"e5ebb109-4301-ee11-8f6e-000d3a292a69"},"7dd99afc-5c67-4a0d-bdaf-658ba7810412":{"value":"shared_office365"}},"parameterHintsV2":{"workflowName":{"value":"900f02d9-2ca0-4c55-9643-8181ffedccb3"},"workflowEntityId":{"value":"e5ebb109-4301-ee11-8f6e-000d3a292a69"},"shared_office365":{"value":"7dd99afc-5c67-4a0d-bdaf-658ba7810412"}},"isOnPremiseConnection":false,"bypassConsent":false,"dataSets":{},"apiTier":"Standard"},"7dd99afc-5c67-4a0d-bdaf-658ba7810412":{"id":"/providers/microsoft.powerapps/apis/shared_office365","displayName":"Office 365 Outlook","iconUri":"https://connectoricons-prod.azureedge.net/releases/v1.0.1659/1.0.1659.3460/office365/icon.png","dataSources":[],"dependencies":[],"dependents":["2d8dcaa5-d57d-4d34-aa0c-d3647a6b4da1"],"parameterHints":{},"parameterHintsV2":{},"isOnPremiseConnection":false,"bypassConsent":false,"dataSets":{},"apiTier":"Standard"},"87f58a09-a7cb-430a-a0ae-04f0818ed567":{"id":"/providers/microsoft.powerapps/apis/shared_logicflows","displayName":"Flujos lógicos","iconUri":"https://connectoricons-prod.azureedge.net/releases/v1.0.1664/1.0.1664.3477/logicflows/icon.png","dataSources":["BeerProcessSimulator_Simulation"],"dependencies":[],"dependents":[],"parameterHints":{"workflowName":{"value":"f6adfcaf-0ea3-4d79-9b34-8bf6f3d810f1"},"workflowEntityId":{"value":"b33f1187-156d-ee11-9ae7-000d3a292a69"}},"parameterHintsV2":{"workflowName":{"value":"f6adfcaf-0ea3-4d79-9b34-8bf6f3d810f1"},"workflowEntityId":{"value":"b33f1187-156d-ee11-9ae7-000d3a292a69"}},"isOnPremiseConnection":false,"bypassConsent":false,"dataSets":{},"apiTier":"Standard","actions":["Run"]},"9cc581ef-5de5-4ee9-a1fd-4126fc3fa644":{"id":"/providers/microsoft.powerapps/apis/shared_logicflows","displayName":"Flujos lógicos","iconUri":"https://connectoricons-prod.azureedge.net/releases/v1.0.1664/1.0.1664.3477/logicflows/icon.png","dataSources":["BeerProcessSimulator_onStart"],"dependencies":[],"dependents":[],"parameterHints":{"workflowName":{"value":"e7c3167f-50d8-4d5e-913f-3fb0c303a4f8"},"workflowEntityId":{"value":"c4bfd356-a76d-ee11-9ae7-000d3a292a69"}},"parameterHintsV2":{"workflowName":{"value":"e7c3167f-50d8-4d5e-913f-3fb0c303a4f8"},"workflowEntityId":{"value":"c4bfd356-a76d-ee11-9ae7-000d3a292a69"}},"isOnPremiseConnection":false,"bypassConsent":false,"dataSets":{},"apiTier":"Standard","actions":["Run"]},"78b3c813-7f93-4c4c-b869-afe5e23a543a":{"id":"/providers/microsoft.powerapps/apis/shared_logicflows","displayName":"Flujos lógicos","iconUri":"https://connectoricons-prod.azureedge.net/releases/v1.0.1664/1.0.1664.3477/logicflows/icon.png","dataSources":["BeerProcessSimulator_SaveConfig"],"dependencies":[],"dependents":[],"parameterHints":{"workflowName":{"value":"388e7eae-c9ef-4012-9e2d-80713346c8f4"},"workflowEntityId":{"value":"bffa51a1-a76d-ee11-9ae7-000d3a292a69"}},"parameterHintsV2":{"workflowName":{"value":"388e7eae-c9ef-4012-9e2d-80713346c8f4"},"workflowEntityId":{"value":"bffa51a1-a76d-ee11-9ae7-000d3a292a69"}},"isOnPremiseConnection":false,"bypassConsent":false,"dataSets":{},"apiTier":"Standard","actions":["Run"]}}</ConnectionReferences>
      <DatabaseReferences>{}</DatabaseReferences>
      <AppComponents>[]</AppComponents>
      <AppComponentDependencies>[]</AppComponentDependencies>
      <CanConsumeAppPass>1</CanConsumeAppPass>
      <CanvasAppType>0</CanvasAppType>
      <BypassConsent>0</BypassConsent>
      <AdminControlBypassConsent>0</AdminControlBypassConsent>
      <EmbeddedApp xsi:nil="true"></EmbeddedApp>
      <IntroducedVersion>1.0</IntroducedVersion>
      <CdsDependencies>{"cdsdependencies":[{"dependencyid":"4ae43cfa-195e-ee11-be6f-000d3a292a69","componenttype":29,"componenttypeplatformname":"Workflow"},{"dependencyid":"1965fd70-275e-ee11-be6f-000d3a292a69","componenttype":29,"componenttypeplatformname":"Workflow"},{"dependencyid":"44cb04ed-3a5e-ee11-be6f-000d3a292a69","componenttype":29,"componenttypeplatformname":"Workflow"},{"dependencyid":"2b37df91-3f5e-ee11-be6f-000d3a292a69","componenttype":29,"componenttypeplatformname":"Workflow"},{"dependencyid":"5edd0f9c-b15e-ee11-be6f-000d3a292a69","componenttype":29,"componenttypeplatformname":"Workflow"},{"dependencyid":"7a477365-b65e-ee11-be6f-000d3a292a69","componenttype":29,"componenttypeplatformname":"Workflow"},{"dependencyid":"e5ebb109-4301-ee11-8f6e-000d3a292a69","componenttype":29,"componenttypeplatformname":"Workflow"},{"dependencyid":"b33f1187-156d-ee11-9ae7-000d3a292a69","componenttype":29,"componenttypeplatformname":"Workflow"},{"dependencyid":"c4bfd356-a76d-ee11-9ae7-000d3a292a69","componenttype":29,"componenttypeplatformname":"Workflow"},{"dependencyid":"bffa51a1-a76d-ee11-9ae7-000d3a292a69","componenttype":29,"componenttypeplatformname":"Workflow"},{"logicalname":"mpl_sharedsql_99e91","componenttype":10064,"componenttypeplatformname":"ConnectionReference"}]}</CdsDependencies>
      <IsCustomizable>1</IsCustomizable>
      <BackgroundImageUri>/CanvasApps/mpl_beerprocesssimulatorapp_f6bbf_BackgroundImageUri</BackgroundImageUri>
      <DocumentUri>/CanvasApps/mpl_beerprocesssimulatorapp_f6bbf_DocumentUri.msapp</DocumentUri>
    </CanvasApp>
  </CanvasApps>
  <connectionreferences>
    <connectionreference connectionreferencelogicalname="mpl_sharedsql_2a109">
      <connectionreferencedisplayname>SQL Server BeerProcessSimulatorSolution-2a109</connectionreferencedisplayname>
      <connectorid>/providers/Microsoft.PowerApps/apis/shared_sql</connectorid>
      <iscustomizable>1</iscustomizable>
      <statecode>0</statecode>
      <statuscode>1</statuscode>
    </connectionreference>
    <connectionreference connectionreferencelogicalname="mpl_sharedsql_8561f">
      <connectionreferencedisplayname>SQL Server BeerProcessSimulatorSolution-8561f</connectionreferencedisplayname>
      <connectorid>/providers/Microsoft.PowerApps/apis/shared_sql</connectorid>
      <iscustomizable>1</iscustomizable>
      <statecode>0</statecode>
      <statuscode>1</statuscode>
    </connectionreference>
    <connectionreference connectionreferencelogicalname="mpl_sharedsql_99e91">
      <connectionreferencedisplayname>SQL Server BeerProcessSimulatorSolution-99e91</connectionreferencedisplayname>
      <connectorid>/providers/Microsoft.PowerApps/apis/shared_sql</connectorid>
      <iscustomizable>1</iscustomizable>
      <statecode>0</statecode>
      <statuscode>1</statuscode>
    </connectionreference>
    <connectionreference connectionreferencelogicalname="mpl_sharedsql_9fe1e">
      <connectionreferencedisplayname>SQL Server BeerProcessSimulatorSolution-9fe1e</connectionreferencedisplayname>
      <connectorid>/providers/Microsoft.PowerApps/apis/shared_sql</connectorid>
      <iscustomizable>1</iscustomizable>
      <statecode>0</statecode>
      <statuscode>1</statuscode>
    </connectionreference>
    <connectionreference connectionreferencelogicalname="mpl_sharedsql_ba05b">
      <connectionreferencedisplayname>SQL Server BeerProcessSimulatorSolution-ba05b</connectionreferencedisplayname>
      <connectorid>/providers/Microsoft.PowerApps/apis/shared_sql</connectorid>
      <iscustomizable>1</iscustomizable>
      <statecode>0</statecode>
      <statuscode>1</statuscode>
    </connectionreference>
  </connectionreferences>
  <Languages>
    <Language>3082</Language>
  </Languages>
</ImportExportXml>